{"client_meta":{"background_color":{"r":0.8745098114013672,"g":0.8352941274642944,"b":0.9254902005195618,"a":1},"thumbnail_size":{"width":400,"height":246},"render_coordinates":{"x":-6737.0654296875,"y":-3881,"width":15022.0654296875,"height":9229}},"file_name":"Google Gemini - Built with Material 3 Design Kit (Community)","developer_related_links":[],"exported_at":"2026-07-05T10:36:26.978Z"}